{
  "function_1": {
    "best_value": 1.5876359767462006e-15,
    "was_improved": false,
    "best_x": [
      0.728,
      0.734
    ],
    "recommended_x": [
      0.9491498013209183,
      1.0
    ],
    "tight_count": 0,
    "no_improvement_streak": 3
  },
  "function_2": {
    "best_value": 0.6112052157614438,
    "was_improved": false,
    "best_x": [
      0.675733,
      0.537417
    ],
    "recommended_x": [
      0.682633404659191,
      0.6924753749339896
    ],
    "tight_count": 2,
    "no_improvement_streak": 8
  },
  "function_3": {
    "best_value": -0.024574890953622586,
    "was_improved": false,
    "best_x": [
      0.965995,
      0.94136,
      0.447835
    ],
    "recommended_x": [
      1.0,
      0.9933215242270663,
      0.43414684908223733
    ],
    "tight_count": 1,
    "no_improvement_streak": 8
  },
  "function_4": {
    "best_value": 0.2940591576605134,
    "was_improved": false,
    "best_x": [
      0.399862,
      0.412823,
      0.390903,
      0.399816
    ],
    "recommended_x": [
      0.37288492315616695,
      0.4008900081855109,
      0.4092038759951657,
      0.402851688689873
    ],
    "tight_count": 6,
    "no_improvement_streak": 8
  },
  "function_5": {
    "best_value": 4440.523263209605,
    "was_improved": false,
    "best_x": [
      0.002,
      1.0,
      1.0,
      1.0
    ],
    "recommended_x": [
      0.077,
      1.0,
      1.0,
      1.0
    ],
    "tight_count": 1,
    "no_improvement_streak": 3
  },
  "function_6": {
    "best_value": -0.30971105503453206,
    "was_improved": false,
    "best_x": [
      0.389975,
      0.356254,
      0.636605,
      1.0,
      0.047658
    ],
    "recommended_x": [
      0.32289296067500634,
      0.3386423869508589,
      0.7036870393249937,
      1.0,
      0.0
    ],
    "tight_count": 6,
    "no_improvement_streak": 8
  },
  "function_7": {
    "best_value": 2.539946296996496,
    "was_improved": false,
    "best_x": [
      0.07138,
      0.197899,
      0.544155,
      0.268114,
      0.353551,
      0.803107
    ],
    "recommended_x": [
      0.12015417218208313,
      0.30603301525115967,
      0.48488396406173706,
      0.21480342745780945,
      0.3103705048561096,
      0.9035232067108154
    ],
    "tight_count": 0,
    "no_improvement_streak": 3
  },
  "function_8": {
    "best_value": 9.9036774367264,
    "was_improved": false,
    "best_x": [
      0.093665,
      0.024897,
      0.107517,
      0.0,
      1.0,
      0.461044,
      0.120497,
      0.126544
    ],
    "recommended_x": [
      0.04156956262886524,
      0.016234420239925385,
      0.17407181579619646,
      0.00658534187823534,
      0.9929374754428864,
      0.7837418029084802,
      0.233207275159657,
      0.18527993094176054
    ],
    "tight_count": 0,
    "no_improvement_streak": 3
  }
}