{
  "function_1": {
    "best_value": 7.710875114502849e-16,
    "was_improved": false,
    "best_x": [
      0.006867346487516888,
      0.3402670459410254
    ],
    "recommended_x": [
      0.006814823733270969,
      0.3402670887514497
    ]
  },
  "function_2": {
    "best_value": 0.6112052157614438,
    "was_improved": false,
    "best_x": [
      0.675733,
      0.537417
    ],
    "recommended_x": [
      0.6467308856152354,
      0.613623937777698
    ]
  },
  "function_3": {
    "best_value": -0.024574890953622586,
    "was_improved": false,
    "best_x": [
      0.965995,
      0.94136,
      0.447835
    ],
    "recommended_x": [
      1.0,
      1.0,
      0.38719990293234996
    ]
  },
  "function_4": {
    "best_value": 0.2940591576605134,
    "was_improved": false,
    "best_x": [
      0.399862,
      0.412823,
      0.390903,
      0.399816
    ],
    "recommended_x": [
      0.34464947542798574,
      0.4601373601850027,
      0.41271454418617753,
      0.428065348005975
    ]
  },
  "function_5": {
    "best_value": 3228.0810874511185,
    "was_improved": false,
    "best_x": [
      0.101472,
      1.0,
      1.0,
      0.888566
    ],
    "recommended_x": [
      0.02647200000000001,
      1.0,
      1.0,
      0.9635659999999999
    ]
  },
  "function_6": {
    "best_value": -0.390619747953056,
    "was_improved": false,
    "best_x": [
      0.457057,
      0.312646,
      0.569523,
      0.961656,
      0.004911
    ],
    "recommended_x": [
      0.3899749606750063,
      0.35625363246907416,
      0.6366050393249937,
      1.0,
      0.04765831792176231
    ]
  },
  "function_7": {
    "best_value": 2.332337980866383,
    "was_improved": false,
    "best_x": [
      0.057896,
      0.156258,
      0.585796,
      0.251338,
      0.370609,
      0.815814
    ],
    "recommended_x": [
      0.0,
      0.09502075643042054,
      0.5245587564304205,
      0.19010075643042054,
      0.4120371171268432,
      0.7992047650243396
    ]
  },
  "function_8": {
    "best_value": 9.8031770722274,
    "was_improved": false,
    "best_x": [
      0.009077,
      0.003419,
      0.022929,
      0.009043,
      0.986902,
      0.545632,
      0.035909,
      0.041956
    ],
    "recommended_x": [
      0.06211000858899106,
      0.056452008588991055,
      0.07596200858899106,
      0.0,
      1.0,
      0.49259899141100894,
      0.08894200858899107,
      0.09498900858899106
    ]
  }
}