{
  "function_1": {
    "best_value": -34.076,
    "was_improved": false,
    "best_x": [
      0.728,
      0.734
    ],
    "recommended_x": [
      0.17311466719291033,
      0.9999999997430762
    ],
    "tight_count": 0,
    "no_improvement_streak": 4
  },
  "function_2": {
    "best_value": 0.6112052157614438,
    "was_improved": false,
    "best_x": [
      0.675733,
      0.537417
    ],
    "recommended_x": [
      0.7087397678292415,
      0.6353512517073493
    ],
    "tight_count": 6,
    "no_improvement_streak": 18
  },
  "function_3": {
    "best_value": -0.024574890953622586,
    "was_improved": false,
    "best_x": [
      0.965995,
      0.94136,
      0.447835
    ],
    "recommended_x": [
      0.5460043649053891,
      0.733982506202149,
      0.46256763509461096
    ],
    "tight_count": 6,
    "no_improvement_streak": 18
  },
  "function_4": {
    "best_value": 0.4947444908181464,
    "was_improved": false,
    "best_x": [
      0.367233,
      0.390706,
      0.402382,
      0.420064
    ],
    "recommended_x": [
      0.3627764614513875,
      0.37094133833039666,
      0.3954602228182572,
      0.4127050431329828
    ],
    "tight_count": 6,
    "no_improvement_streak": 1
  },
  "function_5": {
    "best_value": 4452.242370072357,
    "was_improved": false,
    "best_x": [
      0.227,
      1.0,
      1.0,
      1.0
    ],
    "recommended_x": [
      0.14190369383356907,
      1.0,
      1.0,
      1.0
    ],
    "tight_count": 6,
    "no_improvement_streak": 1
  },
  "function_6": {
    "best_value": -0.23366609955452006,
    "was_improved": false,
    "best_x": [
      0.416808,
      0.35766,
      0.609772,
      0.973167,
      0.074491
    ],
    "recommended_x": [
      0.4436408157299975,
      0.355402526154564,
      0.6366048157299975,
      0.9463341842700025,
      0.06945262975786527
    ],
    "tight_count": 6,
    "no_improvement_streak": 7
  },
  "function_7": {
    "best_value": 2.566379468554465,
    "was_improved": false,
    "best_x": [
      0.010143,
      0.222547,
      0.482918,
      0.206877,
      0.328607,
      0.74187
    ],
    "recommended_x": [
      3.404746276580717e-11,
      0.17355720520560358,
      0.433928205158563,
      0.2558667948383905,
      0.2881358545970657,
      0.7450271325101677
    ],
    "tight_count": 6,
    "no_improvement_streak": 7
  },
  "function_8": {
    "best_value": 9.9132306630484,
    "was_improved": false,
    "best_x": [
      0.109575,
      0.040807,
      0.123427,
      0.0,
      1.0,
      0.445134,
      0.136407,
      0.142454
    ],
    "recommended_x": [
      0.12548489864355297,
      0.0567169019147376,
      0.10751709897470332,
      1.2025906347135074e-09,
      0.9999999993570107,
      0.4292240986914748,
      0.15231690032390374,
      0.15836389801252754
    ],
    "tight_count": 6,
    "no_improvement_streak": 1
  }
}