{
  "function_1": {
    "best_value": -34.076,
    "was_improved": false,
    "best_x": [
      0.728,
      0.734
    ],
    "recommended_x": [
      0.5172980414185179,
      0.9999999999592853
    ],
    "tight_count": 0,
    "no_improvement_streak": 2
  },
  "function_2": {
    "best_value": 0.6112052157614438,
    "was_improved": false,
    "best_x": [
      0.675733,
      0.537417
    ],
    "recommended_x": [
      0.6991175039210761,
      0.5545378721237979
    ],
    "tight_count": 4,
    "no_improvement_streak": 16
  },
  "function_3": {
    "best_value": -0.024574890953622586,
    "was_improved": false,
    "best_x": [
      0.965995,
      0.94136,
      0.447835
    ],
    "recommended_x": [
      0.5460043649053891,
      0.7362256350946109,
      0.46256763509461096
    ],
    "tight_count": 4,
    "no_improvement_streak": 16
  },
  "function_4": {
    "best_value": 0.4298670867087613,
    "was_improved": false,
    "best_x": [
      0.372885,
      0.40089,
      0.409204,
      0.402852
    ],
    "recommended_x": [
      0.3672324467866684,
      0.39070337666970456,
      0.4023814996837767,
      0.42006455608178267
    ],
    "tight_count": 4,
    "no_improvement_streak": 7
  },
  "function_5": {
    "best_value": 4443.273820455493,
    "was_improved": false,
    "best_x": [
      0.152,
      1.0,
      1.0,
      1.0
    ],
    "recommended_x": [
      0.227,
      1.0,
      1.0,
      1.0
    ],
    "tight_count": 4,
    "no_improvement_streak": 5
  },
  "function_6": {
    "best_value": -0.23366609955452006,
    "was_improved": false,
    "best_x": [
      0.416808,
      0.35766,
      0.609772,
      0.973167,
      0.074491
    ],
    "recommended_x": [
      0.39649386410922116,
      0.3538660610477332,
      0.5829391842700025,
      0.9463341842700025,
      0.10132381572999748
    ],
    "tight_count": 4,
    "no_improvement_streak": 5
  },
  "function_7": {
    "best_value": 2.566379468554465,
    "was_improved": false,
    "best_x": [
      0.010143,
      0.222547,
      0.482918,
      0.206877,
      0.328607,
      0.74187
    ],
    "recommended_x": [
      1.5221918597865848e-10,
      0.24121342886579583,
      0.5319076330478113,
      0.15788720518077157,
      0.3775967948365851,
      0.782870716636558
    ],
    "tight_count": 4,
    "no_improvement_streak": 5
  },
  "function_8": {
    "best_value": 9.9036774367264,
    "was_improved": false,
    "best_x": [
      0.093665,
      0.024897,
      0.107517,
      0.0,
      1.0,
      0.461044,
      0.120497,
      0.126544
    ],
    "recommended_x": [
      0.1095749017033051,
      0.04080690019896245,
      0.1234269007625179,
      7.704754473314424e-10,
      0.9999999995424785,
      0.44513409923370795,
      0.1364069024965603,
      0.14245389599986177
    ],
    "tight_count": 4,
    "no_improvement_streak": 11
  }
}