{
  "function_1": {
    "best_value": 7.710875114502849e-16,
    "was_improved": false,
    "best_x": [
      0.006867346487516888,
      0.3402670459410254
    ],
    "recommended_x": [
      0.9482993596770042,
      1.0
    ],
    "tight_count": 0,
    "no_improvement_streak": 4
  },
  "function_2": {
    "best_value": 0.6112052157614438,
    "was_improved": false,
    "best_x": [
      0.675733,
      0.537417
    ],
    "recommended_x": [
      0.7274774185535973,
      0.6965160257669731
    ],
    "tight_count": 2,
    "no_improvement_streak": 4
  },
  "function_3": {
    "best_value": -0.024574890953622586,
    "was_improved": false,
    "best_x": [
      0.965995,
      0.94136,
      0.447835
    ],
    "recommended_x": [
      1.0,
      0.9933215242270663,
      0.49979652422706633
    ],
    "tight_count": 2,
    "no_improvement_streak": 4
  },
  "function_4": {
    "best_value": 0.2940591576605134,
    "was_improved": false,
    "best_x": [
      0.399862,
      0.412823,
      0.390903,
      0.399816
    ],
    "recommended_x": [
      0.37200294416380175,
      0.4201537244290841,
      0.355268557931731,
      0.4019488753474659
    ],
    "tight_count": 2,
    "no_improvement_streak": 4
  },
  "function_5": {
    "best_value": 3974.5113390026463,
    "was_improved": false,
    "best_x": [
      0.026472,
      1.0,
      1.0,
      0.963566
    ],
    "recommended_x": [
      0.0,
      1.0,
      1.0,
      1.0
    ],
    "tight_count": 2,
    "no_improvement_streak": 4
  },
  "function_6": {
    "best_value": -0.30971105503453206,
    "was_improved": false,
    "best_x": [
      0.389975,
      0.356254,
      0.636605,
      1.0,
      0.047658
    ],
    "recommended_x": [
      0.32289296067500634,
      0.3448229670920234,
      0.7036870393249937,
      1.0,
      0.0
    ],
    "tight_count": 2,
    "no_improvement_streak": 4
  },
  "function_7": {
    "best_value": 2.332337980866383,
    "was_improved": false,
    "best_x": [
      0.057896,
      0.156258,
      0.585796,
      0.251338,
      0.370609,
      0.815814
    ],
    "recommended_x": [
      0.059731858782470226,
      0.24398267548531294,
      0.6842497745528817,
      0.5894404137507081,
      0.029527578502893448,
      0.9968268619850278
    ],
    "tight_count": 0,
    "no_improvement_streak": 4
  },
  "function_8": {
    "best_value": 9.8868910066229,
    "was_improved": false,
    "best_x": [
      0.06211,
      0.056452,
      0.075962,
      0.0,
      1.0,
      0.492599,
      0.088942,
      0.094989
    ],
    "recommended_x": [
      0.0937068173661828,
      0.06447516195476055,
      0.006915677338838577,
      0.6247066156938672,
      0.9904728960245848,
      0.6209370950236917,
      0.06590681802481413,
      0.3437886852771044
    ],
    "tight_count": 0,
    "no_improvement_streak": 4
  }
}