{
  "function_1": {
    "best_value": 1.5876359767462006e-15,
    "was_improved": false,
    "best_x": [
      0.728,
      0.734
    ],
    "recommended_x": [
      0.7830431234810188,
      0.8400660171779821
    ],
    "tight_count": 1,
    "no_improvement_streak": 5
  },
  "function_2": {
    "best_value": 0.6112052157614438,
    "was_improved": false,
    "best_x": [
      0.675733,
      0.537417
    ],
    "recommended_x": [
      0.7274823440238833,
      0.9945888603106141
    ],
    "tight_count": 0,
    "no_improvement_streak": 10
  },
  "function_3": {
    "best_value": -0.024574890953622586,
    "was_improved": false,
    "best_x": [
      0.965995,
      0.94136,
      0.447835
    ],
    "recommended_x": [
      0.987645635094611,
      0.9630106350946109,
      0.445137098621984
    ],
    "tight_count": 3,
    "no_improvement_streak": 10
  },
  "function_4": {
    "best_value": 0.4298670867087613,
    "was_improved": false,
    "best_x": [
      0.372885,
      0.40089,
      0.409204,
      0.402852
    ],
    "recommended_x": [
      0.3814180113091838,
      0.40883720785818256,
      0.43351110642566476,
      0.3924178922263292
    ],
    "tight_count": 8,
    "no_improvement_streak": 1
  },
  "function_5": {
    "best_value": 4440.817433352406,
    "was_improved": false,
    "best_x": [
      0.077,
      1.0,
      1.0,
      1.0
    ],
    "recommended_x": [
      0.152,
      1.0,
      1.0,
      1.0
    ],
    "tight_count": 3,
    "no_improvement_streak": 1
  },
  "function_6": {
    "best_value": -0.30971105503453206,
    "was_improved": false,
    "best_x": [
      0.389975,
      0.356254,
      0.636605,
      1.0,
      0.047658
    ],
    "recommended_x": [
      0.4168078157299975,
      0.35766020627316014,
      0.6097721842700025,
      0.9731671842700025,
      0.07449081572999747
    ],
    "tight_count": 8,
    "no_improvement_streak": 10
  },
  "function_7": {
    "best_value": 2.539946296996496,
    "was_improved": false,
    "best_x": [
      0.07138,
      0.197899,
      0.544155,
      0.268114,
      0.353551,
      0.803107
    ],
    "recommended_x": [
      0.010142756430420542,
      0.22254715159853128,
      0.4829177564304206,
      0.20687675643042056,
      0.32860676852556403,
      0.7418697564304205
    ],
    "tight_count": 1,
    "no_improvement_streak": 5
  },
  "function_8": {
    "best_value": 9.9036774367264,
    "was_improved": false,
    "best_x": [
      0.093665,
      0.024897,
      0.107517,
      0.0,
      1.0,
      0.461044,
      0.120497,
      0.126544
    ],
    "recommended_x": [
      0.04063199141100894,
      0.07793000858899106,
      0.16055000858899104,
      0.0,
      1.0,
      0.40801099141100894,
      0.06746399141100895,
      0.17957700858899106
    ],
    "tight_count": 1,
    "no_improvement_streak": 5
  }
}