{
  "function_1": {
    "best_value": -23.42711,
    "was_improved": false,
    "best_x": [
      0.71209,
      0.71809
    ],
    "recommended_x": [
      0.7019986324496529,
      0.6862701948467063
    ],
    "tight_count": 3,
    "no_improvement_streak": 3
  },
  "function_2": {
    "best_value": 0.7627824265102815,
    "was_improved": false,
    "best_x": [
      0.70874,
      0.635351
    ],
    "recommended_x": [
      0.7038415953529732,
      0.541036172903122
    ],
    "tight_count": 3,
    "no_improvement_streak": 5
  },
  "function_3": {
    "best_value": -0.00852262525602089,
    "was_improved": false,
    "best_x": [
      0.546004,
      0.733983,
      0.462568
    ],
    "recommended_x": [
      0.5243533649053891,
      0.755633635094611,
      0.440917364905389
    ],
    "tight_count": 3,
    "no_improvement_streak": 5
  },
  "function_4": {
    "best_value": 0.7306640198500962,
    "was_improved": false,
    "best_x": [
      0.366364,
      0.358133,
      0.413088,
      0.415806
    ],
    "recommended_x": [
      0.36651782798049043,
      0.3404554253634271,
      0.431456893831462,
      0.4221862906207187
    ],
    "tight_count": 5,
    "no_improvement_streak": 3
  },
  "function_5": {
    "best_value": 4457.2925,
    "was_improved": false,
    "best_x": [
      0.25,
      1.0,
      1.0,
      1.0
    ],
    "recommended_x": [
      0.2732646295301861,
      1.0,
      1.0,
      1.0
    ],
    "tight_count": 5,
    "no_improvement_streak": 3
  },
  "function_6": {
    "best_value": -0.2214023578798504,
    "was_improved": false,
    "best_x": [
      0.470474,
      0.370138,
      0.609772,
      0.919501,
      0.069183
    ],
    "recommended_x": [
      0.49730681572999746,
      0.3622703673993774,
      0.5829391842700025,
      0.9319182331612514,
      0.07426197264427371
    ],
    "tight_count": 3,
    "no_improvement_streak": 3
  },
  "function_7": {
    "best_value": 2.6247709519741456,
    "was_improved": false,
    "best_x": [
      0.0,
      0.173557,
      0.433928,
      0.255867,
      0.288136,
      0.745027
    ],
    "recommended_x": [
      0.0383505410936679,
      0.21179934590700045,
      0.44678337339491836,
      0.25885514699522877,
      0.3234004653738455,
      0.7485239996878671
    ],
    "tight_count": 12,
    "no_improvement_streak": 5
  },
  "function_8": {
    "best_value": 9.9192502179124,
    "was_improved": false,
    "best_x": [
      0.109575,
      0.072627,
      0.091607,
      0.0,
      1.0,
      0.413314,
      0.168227,
      0.174274
    ],
    "recommended_x": [
      0.09366510558797912,
      0.08853689742435972,
      0.10751690135344963,
      3.5970247266869926e-10,
      0.9999999996545255,
      0.4292238918394852,
      0.18413690210913392,
      0.19018390228551477
    ],
    "tight_count": 5,
    "no_improvement_streak": 3
  }
}