{
  "function_1": {
    "best_value": -13.68994,
    "was_improved": true,
    "best_x": [
      0.701999,
      0.686270
    ],
    "recommended_x": [
      0.701999,
      0.686270
    ],
    "tight_count": 4,
    "no_improvement_streak": 0
  },
  "function_2": {
    "best_value": 0.7627824265102815,
    "was_improved": false,
    "best_x": [
      0.70874,
      0.635351
    ],
    "recommended_x": [
      0.70874,
      0.635351
    ],
    "tight_count": 4,
    "no_improvement_streak": 2
  },
  "function_3": {
    "best_value": -0.006896049688374402,
    "was_improved": true,
    "best_x": [
      0.524353,
      0.755634,
      0.440917
    ],
    "recommended_x": [
      0.524353,
      0.755634,
      0.440917
    ],
    "tight_count": 4,
    "no_improvement_streak": 0
  },
  "function_4": {
    "best_value": 0.7306640198500962,
    "was_improved": false,
    "best_x": [
      0.366364,
      0.358133,
      0.413088,
      0.415806
    ],
    "recommended_x": [
      0.366364,
      0.358133,
      0.413088,
      0.415806
    ],
    "tight_count": 6,
    "no_improvement_streak": 1
  },
  "function_5": {
    "best_value": 4463.919723736304,
    "was_improved": true,
    "best_x": [
      0.273265,
      1.0,
      1.0,
      1.0
    ],
    "recommended_x": [
      0.273265,
      1.0,
      1.0,
      1.0
    ],
    "tight_count": 6,
    "no_improvement_streak": 0
  },
  "function_6": {
    "best_value": -0.2214023578798504,
    "was_improved": false,
    "best_x": [
      0.470474,
      0.370138,
      0.609772,
      0.919501,
      0.069183
    ],
    "recommended_x": [
      0.470474,
      0.370138,
      0.609772,
      0.919501,
      0.069183
    ],
    "tight_count": 4,
    "no_improvement_streak": 1
  },
  "function_7": {
    "best_value": 2.750158545240856,
    "was_improved": true,
    "best_x": [
      0.038351,
      0.211799,
      0.446783,
      0.258855,
      0.3234,
      0.748524
    ],
    "recommended_x": [
      0.038351,
      0.211799,
      0.446783,
      0.258855,
      0.3234,
      0.748524
    ],
    "tight_count": 13,
    "no_improvement_streak": 0
  },
  "function_8": {
    "best_value": 9.9298181522144,
    "was_improved": true,
    "best_x": [
      0.093665,
      0.088537,
      0.107517,
      0.0,
      1.0,
      0.429224,
      0.184137,
      0.190184
    ],
    "recommended_x": [
      0.093665,
      0.088537,
      0.107517,
      0.0,
      1.0,
      0.429224,
      0.184137,
      0.190184
    ],
    "tight_count": 6,
    "no_improvement_streak": 0
  }
}
