{
  "function_1": {
    "best_value": -34.076,
    "was_improved": false,
    "best_x": [
      0.728,
      0.734
    ],
    "recommended_x": [
      0.7120900974233527,
      0.7180900974291018
    ],
    "tight_count": 1,
    "no_improvement_streak": 3
  },
  "function_2": {
    "best_value": 0.7627824265102815,
    "was_improved": false,
    "best_x": [
      0.70874,
      0.635351
    ],
    "recommended_x": [
      0.7143675563339996,
      0.695519484595719
    ],
    "tight_count": 8,
    "no_improvement_streak": 1
  },
  "function_3": {
    "best_value": -0.00852262525602089,
    "was_improved": false,
    "best_x": [
      0.546004,
      0.733983,
      0.462568
    ],
    "recommended_x": [
      0.5243533649053891,
      0.7125494192394047,
      0.48421863509461094
    ],
    "tight_count": 8,
    "no_improvement_streak": 1
  },
  "function_4": {
    "best_value": 0.559658456499172,
    "was_improved": false,
    "best_x": [
      0.362776,
      0.370941,
      0.39546,
      0.412705
    ],
    "recommended_x": [
      0.36636381545847163,
      0.35813323182921025,
      0.4130882496446895,
      0.4158059411510301
    ],
    "tight_count": 1,
    "no_improvement_streak": 1
  },
  "function_5": {
    "best_value": 4452.242370072357,
    "was_improved": false,
    "best_x": [
      0.227,
      1.0,
      1.0,
      1.0
    ],
    "recommended_x": [
      0.17692952097956804,
      1.0,
      1.0,
      1.0
    ],
    "tight_count": 1,
    "no_improvement_streak": 3
  },
  "function_6": {
    "best_value": -0.22250377070808686,
    "was_improved": false,
    "best_x": [
      0.443641,
      0.355403,
      0.636605,
      0.946334,
      0.069453
    ],
    "recommended_x": [
      0.47047381572999747,
      0.37013782937586154,
      0.6097721842700025,
      0.9195011842700025,
      0.06918307134938327
    ],
    "tight_count": 8,
    "no_improvement_streak": 1
  },
  "function_7": {
    "best_value": 2.6247709519741456,
    "was_improved": false,
    "best_x": [
      0.0,
      0.173557,
      0.433928,
      0.255867,
      0.288136,
      0.745027
    ],
    "recommended_x": [
      5.868104713461886e-11,
      0.2171415197833446,
      0.4829177938573761,
      0.3048567948167613,
      0.33712579484857635,
      0.6960372052411606
    ],
    "tight_count": 8,
    "no_improvement_streak": 1
  },
  "function_8": {
    "best_value": 9.9169220407904,
    "was_improved": false,
    "best_x": [
      0.125485,
      0.056717,
      0.107517,
      0.0,
      1.0,
      0.429224,
      0.152317,
      0.158364
    ],
    "recommended_x": [
      0.10957509881640669,
      0.07262690249045428,
      0.09160716311820984,
      1.6309349513271565e-09,
      0.9999999995925244,
      0.4133140992045522,
      0.16822690235674662,
      0.1742738993937838
    ],
    "tight_count": 1,
    "no_improvement_streak": 1
  }
}