{
  "function_1": {
    "inputs": [
      [0.647861, 0.155152],
      [0.422488, 0.467171],
      [0.559312, 0.244530],
      [0.732048, 0.516977]
    ],
    "outputs": [
      3.974535439244144e-86,
      -0.008977846971996169,
      5.558785010086711e-36,
      2.159524694482471e-17
    ]
  },
  "function_2": {
    "inputs": [
      [0.671311, 0.028698],
      [0.150124, 0.926564],
      [0.671311, 0.028698],
      [0.675733, 0.537417]
    ],
    "outputs": [
      0.41704397142270183,
      -0.0005180300051592074,
      0.3854310858001495,
      0.6105685608157768
    ]
  },
  "function_3": {
    "inputs": [
      [0.046809, 0.219917, 0.066089],
      [0.567655, 0.714575, 0.440917],
      [0.965995, 0.941360, 0.447835],
      [0.949258, 0.000000, 0.000000]
    ],
    "outputs": [
      -0.055268828139656334,
      -0.031030362809824803,
      -0.024574890953622586,
      -0.17810156882358041
    ]
  },
  "function_4": {
    "inputs": [
      [0.455263, 0.394837, 0.381571, 0.446027],
      [0.520101, 0.390810, 0.384186, 0.373369],
      [0.268217, 0.392437, 0.432004, 0.208914],
      [0.399862, 0.412823, 0.390903, 0.399816]
    ],
    "outputs": [
      -0.6484734720681398,
      -1.8878708964398956,
      -3.937325693164215,
      0.2940591576605134
    ]
  },
  "function_5": {
    "inputs": [
      [0.164362, 0.790022, 0.879484, 0.957644],
      [0.237319, 0.686275, 0.831885, 0.903514],
      [0.119879, 0.700100, 0.879484, 0.957644],
      [0.101472, 1.000000, 1.000000, 0.888566]
    ],
    "outputs": [
      1302.2988133272208,
      578.5414164076208,
      1031.8295272500413,
      3228.0810874511185
    ]
  },
  "function_6": {
    "inputs": [
      [0.457057, 0.312646, 0.569523, 0.961656, 0.004911],
      [0.646563, 0.290430, 0.682225, 0.736891, 0.004911],
      [0.672837, 0.198420, 0.753032, 0.687990, 0.007621],
      [0.447315, 0.234851, 0.520400, 1.000000, 0.007502]
    ],
    "outputs": [
      -0.390619747953056,
      -0.43052942920749826,
      -0.584660742129748,
      -0.7216073053146261
    ]
  },
  "function_7": {
    "inputs": [
      [0.057896, 0.011813, 0.924571, 0.248430, 0.370589, 0.812300],
      [0.059550, 0.409506, 0.283090, 0.217494, 0.373411, 0.759328],
      [0.057896, 0.156258, 0.585796, 0.251338, 0.370609, 0.815814],
      [0.000000, 0.095021, 0.580467, 0.190101, 0.396198, 0.865873]
    ],
    "outputs": [
      1.234433833250444,
      1.8461451757588265,
      2.332337980866383,
      1.6624352440496275
    ]
  },
  "function_8": {
    "inputs": [
      [0.009077, 0.003419, 0.022929, 0.009043, 0.986902, 0.545632, 0.035909, 0.041956],
      [0.014572, 0.018107, 0.094906, 0.009043, 0.454062, 0.748437, 0.454584, 0.839410],
      [0.131030, 0.007996, 0.088783, 0.755613, 0.764342, 0.601270, 0.141659, 0.812802],
      [0.112900, 0.427118, 0.287236, 0.293892, 0.941429, 0.655453, 0.471797, 0.460129]
    ],
    "outputs": [
      9.8031770722274,
      9.687529474013001,
      9.5838183400836,
      9.6441280830124
    ]
  }
}
